CID,Date of Last Certification,Brand,Product,Model Number,Category,Hardware Version,Firmware Version,Operating System,Frequency Band(s),2.4 GHz Spectrum Capabilities,5 GHz Spectrum Capabilities,6 GHz Spectrum Capabilities,Additional Features,CWG-RF,Miracast®,Passpoint®,Protected Management Frames,Spectrum & Regulatory,Sub-1 GHz Spectrum Capabilities,TDLS,Voice-Enterprise,Wi-Fi Aware™,Wi-Fi Agile Multiband™,Wi-Fi CERTIFIED 7™,Wi-Fi CERTIFIED HaLow™,Wi-Fi CERTIFIED WiGig™,Wi-Fi CERTIFIED 6®,Wi-Fi CERTIFIED™ a,Wi-Fi CERTIFIED™ ac,Wi-Fi CERTIFIED™ b,Wi-Fi CERTIFIED™ g,Wi-Fi CERTIFIED™ n,Wi-Fi Data Elements™,Wi-Fi Easy Connect™,Wi-Fi EasyMesh™,Wi-Fi Home Design™,Wi-Fi Location™,Wi-Fi Optimized Connectivity™,Wi-Fi Protected Setup™,Wi-Fi Enhanced Open™,Wi-Fi QoS Management™,Wi-Fi Vantage™,WMM®,WMM®-Admission Control,WMM®-Power Save,WPA2™-Enterprise,WPA2™-Personal,Wi-Fi Direct®,WPA3™-Enterprise,WPA3™-Personal
WFA126057,2024-11-26,MediaTek Inc.,MediaTek Filogic 360 - MT7925,MediaTek Filogic 360 - MT7925,Other,NGFF,,Windows,2.4 GHz; 5 GHz; 6 GHz,Yes,Yes,Yes,No,No,No,No,Yes,Yes,No,No,No,No,Yes,Yes,No,No,Yes,Yes,Yes,Yes,Yes,Yes,No,No,No,No,No,No,Yes,Yes,Yes,No,Yes,No,Yes,Yes,Yes,Yes,Yes,Yes
WFA133589,2024-11-19,Hewlett Packard Enterprise,AP-754,754,Routers,Onboard,,Linux,2.4 GHz; 5 GHz; 6 GHz,Yes,Yes,Yes,No,No,No,No,Yes,Yes,No,No,No,No,Yes,Yes,No,No,Yes,Yes,Yes,No,No,Yes,No,No,No,No,No,No,No,No,No,No,Yes,No,No,Yes,Yes,No,Yes,Yes
WFA133587,2024-11-19,"Huawei Technologies Co., Ltd.",Optical Network Terminal,OptiXstar EG8145B7-50,Routers,PCIe,,Linux; Linux,2.4 GHz; 5 GHz,Yes,Yes,No,No,No,No,No,Yes,Yes,No,No,No,No,Yes,Yes,No,No,Yes,Yes,Yes,Yes,Yes,Yes,No,No,Yes,No,No,No,Yes,No,No,No,Yes,No,No,No,Yes,No,No,Yes
WFA126057,2024-11-22,MediaTek Inc.,MediaTek Filogic 360 - MT7925,MediaTek Filogic 360 - MT7925,Other,NGFF,,Windows,2.4 GHz; 5 GHz; 6 GHz,Yes,Yes,Yes,No,No,No,No,Yes,Yes,No,No,No,No,Yes,Yes,No,No,Yes,Yes,Yes,Yes,Yes,Yes,No,No,No,No,No,No,Yes,Yes,Yes,No,Yes,No,Yes,Yes,Yes,Yes,Yes,Yes
WFA133505,2024-11-18,Hewlett Packard Enterprise,AP-735,AP-735,Routers,Onboard,,Linux,2.4 GHz; 5 GHz; 6 GHz,Yes,Yes,Yes,No,No,No,No,Yes,Yes,No,No,No,No,Yes,Yes,No,No,Yes,Yes,Yes,No,No,Yes,No,No,No,No,No,No,No,Yes,No,No,Yes,No,No,Yes,Yes,No,Yes,Yes
WFA133485,2024-11-12,"Nubia Technology Co., Ltd.",Satellite mobile terminal 5G,NX733J,Phones,PCIe,,Android15,2.4 GHz; 5 GHz,Yes,Yes,No,No,No,No,No,Yes,No,No,No,No,No,Yes,Yes,No,No,Yes,Yes,Yes,Yes,Yes,Yes,No,No,No,No,No,No,No,No,No,No,Yes,No,No,No,Yes,No,No,Yes
WFA133476,2024-11-18,ZTE Corporation,Home Gateway,ZXHN F6705,Routers,PCIE,,Linux,2.4 GHz; 5 GHz,Yes,Yes,No,No,No,No,No,Yes,No,No,No,No,No,Yes,Yes,No,No,Yes,Yes,Yes,Yes,Yes,Yes,No,No,No,No,No,No,No,Yes,No,No,Yes,No,No,No,Yes,No,No,Yes
WFA133475,2024-11-18,ZTE Corporation,Home Gateway,ZXHN F8705E,Routers,PCIE,,Linux,2.4 GHz; 5 GHz,Yes,Yes,No,No,No,No,No,Yes,No,No,No,No,No,Yes,Yes,No,No,Yes,Yes,Yes,Yes,Yes,Yes,No,No,No,No,No,No,No,Yes,No,No,Yes,No,No,No,Yes,No,No,Yes
WFA133474,2024-11-18,ZTE Corporation,Home Gateway,ZXHN F6177E,Routers,PCIE,,Linux,2.4 GHz; 5 GHz,Yes,Yes,No,No,No,No,No,Yes,No,No,No,No,No,Yes,Yes,No,No,Yes,Yes,Yes,Yes,Yes,Yes,No,No,No,No,No,No,No,Yes,No,No,Yes,No,No,No,Yes,No,No,Yes
WFA133459,2024-11-11,"Huawei Technologies Co., Ltd.",Optical Network Terminal,OptiXstar HG8145B7N-50,Routers,PCIe,,Linux; Linux,2.4 GHz; 5 GHz,Yes,Yes,No,No,No,No,No,Yes,Yes,No,No,No,No,Yes,Yes,No,No,Yes,Yes,Yes,Yes,Yes,Yes,No,No,Yes,No,No,No,Yes,No,No,No,Yes,No,No,No,Yes,No,No,Yes
WFA133458,2024-11-11,"Huawei Technologies Co., Ltd.",Optical Network Terminal,OptiXstar EG8145B7N-50,Routers,PCIe,,Linux; Linux,2.4 GHz; 5 GHz,Yes,Yes,No,No,No,No,No,Yes,Yes,No,No,No,No,Yes,Yes,No,No,Yes,Yes,Yes,Yes,Yes,Yes,No,No,Yes,No,No,No,Yes,No,No,No,Yes,No,No,No,Yes,No,No,Yes
WFA133331,2024-11-04,"Huawei Technologies Co., Ltd.",Edge Optical Network Terminal,OptiXstar K572,Routers,PCIe,,Linux; Linux,2.4 GHz; 5 GHz,Yes,Yes,No,No,No,No,No,Yes,Yes,No,No,No,No,Yes,Yes,No,No,Yes,Yes,Yes,Yes,Yes,Yes,No,No,Yes,No,No,No,Yes,No,No,No,Yes,No,No,No,Yes,No,No,Yes
WFA133182,2024-10-31,"Huawei Technologies Co., Ltd.",Wireless LAN Access Point,AirEngine6776-X6ETH,Routers,SPI&HSI,,HongMeng,2.4 GHz; 5 GHz; 6 GHz,Yes,Yes,Yes,No,No,No,No,Yes,No,No,No,No,No,Yes,Yes,No,No,Yes,Yes,Yes,Yes,Yes,Yes,No,No,No,No,No,No,No,No,No,No,Yes,No,No,Yes,Yes,No,Yes,Yes
WFA132159,2024-11-01,"Kaonbroadband CO., LTD.",AR6445G,AR6445G,Routers,PCIe,,Linux,2.4 GHz; 5 GHz; 6 GHz,Yes,Yes,Yes,No,No,No,No,Yes,Yes,No,No,No,No,Yes,Yes,No,No,Yes,Yes,Yes,Yes,Yes,Yes,No,No,Yes,No,No,No,No,Yes,No,No,Yes,No,No,Yes,Yes,No,Yes,Yes
WFA133186,2024-10-25,ZTE Corporation,Wireless Router,NH8091 V2,Routers,IPQ9570 SOC; QCN6224/QCN6224:PCI-e,,Linux5.4; Linux5.4,2.4 GHz; 5 GHz,Yes,Yes,No,No,No,No,No,Yes,No,No,No,No,No,Yes,Yes,No,No,Yes,Yes,Yes,Yes,Yes,Yes,No,No,Yes,No,No,No,Yes,No,No,No,Yes,No,Yes,No,Yes,No,No,Yes
WFA133182,2024-10-28,"Huawei Technologies Co., Ltd.",Wireless LAN Access Point,AirEngine6776-X6ETH,Routers,SPI&HSI,,HongMeng,2.4 GHz; 5 GHz; 6 GHz,Yes,Yes,Yes,No,No,No,No,Yes,No,No,No,No,No,Yes,Yes,No,No,Yes,Yes,Yes,Yes,Yes,Yes,No,No,No,No,No,No,No,No,No,No,Yes,No,No,Yes,Yes,No,Yes,Yes
WFA133077,2024-11-12,ZTE Corporation,Home Gateway,ZXHN H8749Q,Routers,PCIe,,Linux,2.4 GHz; 5 GHz; 6 GHz,Yes,Yes,Yes,No,No,No,No,Yes,No,No,No,No,No,Yes,Yes,No,No,Yes,Yes,Yes,Yes,Yes,Yes,No,No,No,No,No,No,No,Yes,No,No,Yes,No,No,No,Yes,No,No,Yes
WFA130004,2024-11-18,Optus Pty Ltd,Optus Ultra WiFi 5G Modem,QN2891,Routers,PCIE,,Linux OpenWrt 5.4.238; Linux OpenWrt 5.4.238,2.4 GHz; 5 GHz,Yes,Yes,No,No,No,No,No,Yes,No,No,No,No,No,Yes,Yes,No,No,Yes,Yes,Yes,Yes,Yes,Yes,No,No,Yes,No,No,No,Yes,Yes,No,No,Yes,No,No,No,Yes,No,No,Yes
WFA133070,2024-11-15,"Sonim Technologies, Inc.",Indoor CPE,FR500A,Routers,PCIE,,Linux 5.15.144,2.4 GHz; 5 GHz,Yes,Yes,No,No,No,No,No,Yes,No,No,No,No,No,Yes,Yes,No,No,Yes,Yes,Yes,Yes,Yes,Yes,No,No,No,No,No,No,Yes,No,No,No,Yes,No,Yes,No,Yes,No,No,Yes
WFA132984,2024-10-18,ZTE Corporation,Home Gateway,Z3460,Routers,IQ,,Linux,2.4 GHz; 5 GHz; 6 GHz,Yes,Yes,Yes,No,No,No,No,Yes,No,No,No,No,No,Yes,Yes,No,No,Yes,Yes,Yes,Yes,Yes,Yes,No,No,No,No,No,No,No,Yes,No,No,Yes,No,No,No,Yes,No,No,Yes
WFA132882,2024-10-21,"Arista Networks, Inc.",Arista Wi-Fi 7 Indoor Access Point,C-460,Routers,UART,,Linux,2.4 GHz; 5 GHz; 6 GHz,Yes,Yes,Yes,No,No,No,No,Yes,Yes,No,No,No,No,Yes,Yes,No,No,Yes,Yes,Yes,Yes,Yes,Yes,No,No,No,No,No,No,No,Yes,No,No,Yes,No,No,Yes,Yes,No,Yes,Yes
WFA132830,2024-09-26,Alcatel-Lucent Enterprise dba ALE USA Inc.,OmniAccess Stellar,OAW-AP1521,Routers,1*10GE，1*1GE，1*USB2.0，1*Console，1*Factory default reset ， 1* Power Jack,,linux 5.4,2.4 GHz; 5 GHz; 6 GHz,Yes,Yes,Yes,No,No,No,Yes,Yes,Yes,No,No,No,No,Yes,Yes,No,No,Yes,Yes,Yes,Yes,Yes,Yes,No,No,No,No,No,No,No,Yes,No,No,Yes,No,Yes,Yes,Yes,No,Yes,Yes
WFA132769,2024-09-20,Alcatel-Lucent Enterprise dba ALE USA Inc.,OmniAccess Stellar,OAW-AP1511,Routers,1*5GE，1*USB2.0，1*Console，1*Factory default reset ， 1* Power Jack,,linux 5.4,2.4 GHz; 5 GHz; 6 GHz,Yes,Yes,Yes,No,No,No,Yes,Yes,Yes,No,No,No,No,Yes,Yes,No,No,Yes,Yes,Yes,Yes,Yes,Yes,No,No,No,No,No,No,No,Yes,No,No,Yes,No,Yes,Yes,Yes,No,Yes,Yes
WFA132751,2024-09-26,ZTE Corporation,Optical Network Terminal,ZXHN F6705Q,Routers,IQ,,Linux,2.4 GHz; 5 GHz; 6 GHz,Yes,Yes,Yes,No,No,No,No,Yes,No,No,No,No,No,Yes,Yes,No,No,Yes,Yes,Yes,Yes,Yes,Yes,No,No,No,No,No,No,No,Yes,No,No,Yes,No,No,No,Yes,No,No,Yes
WFA132750,2024-09-26,ZTE Corporation,Optical Network Terminal,ZXHN F8708Q,Routers,IQ,,Linux,2.4 GHz; 5 GHz; 6 GHz,Yes,Yes,Yes,No,No,No,No,Yes,No,No,No,No,No,Yes,Yes,No,No,Yes,Yes,Yes,Yes,Yes,Yes,No,No,No,No,No,No,No,Yes,No,No,Yes,No,No,No,Yes,No,No,Yes
WFA132727,2024-09-17,Cisco Systems,Cisco Catalyst CW9800H2 Wireless Controller and Cisco CW9176 AP,CW9800H2 with CW9176,Routers,PCIe3.0,,"Linux, Version: 17.15",2.4 GHz; 5 GHz; 6 GHz,Yes,Yes,Yes,No,No,No,No,Yes,Yes,No,No,No,No,Yes,Yes,No,No,Yes,Yes,Yes,Yes,Yes,Yes,No,No,No,No,No,No,No,Yes,No,No,Yes,No,Yes,Yes,Yes,No,Yes,Yes
WFA132726,2024-09-17,Cisco Systems,Cisco Catalyst CW9800H1 Wireless Controller and Cisco CW9176 AP,CW9800H1 with CW9176,Routers,PCIe3.0,,"Linux, Version: 17.15",2.4 GHz; 5 GHz; 6 GHz,Yes,Yes,Yes,No,No,No,No,Yes,Yes,No,No,No,No,Yes,Yes,No,No,Yes,Yes,Yes,Yes,Yes,Yes,No,No,No,No,No,No,No,Yes,No,No,Yes,No,Yes,Yes,Yes,No,Yes,Yes
WFA132725,2024-09-17,Cisco Systems,Cisco Catalyst CW9800M Wireless Controller and Cisco CW9176 AP,CW9800M with CW9176,Routers,PCIe3.0,,"Linux, Version: 17.15",2.4 GHz; 5 GHz; 6 GHz,Yes,Yes,Yes,No,No,No,No,Yes,Yes,No,No,No,No,Yes,Yes,No,No,Yes,Yes,Yes,Yes,Yes,Yes,No,No,No,No,No,No,No,Yes,No,No,Yes,No,Yes,Yes,Yes,No,Yes,Yes
WFA132724,2024-09-17,Cisco Systems,Cisco Catalyst 9800 Cloud Wireless Controller and Cisco CW9176 AP,C9800-CL and CW9176,Routers,PCIe3.0,,"Linux, Version: 17.15",2.4 GHz; 5 GHz; 6 GHz,Yes,Yes,Yes,No,No,No,No,Yes,Yes,No,No,No,No,Yes,Yes,No,No,Yes,Yes,Yes,Yes,Yes,Yes,No,No,No,No,No,No,No,Yes,No,No,Yes,No,Yes,Yes,Yes,No,Yes,Yes
WFA132723,2024-09-17,Cisco Systems,Cisco Catalyst 9800-80 Wireless Controller and Cisco CW9176 AP,C9800-80 and CW9176,Routers,PCIe3.0,,"Linux, Version: 17.15",2.4 GHz; 5 GHz; 6 GHz,Yes,Yes,Yes,No,No,No,No,Yes,Yes,No,No,No,No,Yes,Yes,No,No,Yes,Yes,Yes,Yes,Yes,Yes,No,No,No,No,No,No,No,Yes,No,No,Yes,No,Yes,Yes,Yes,No,Yes,Yes
WFA132722,2024-09-17,Cisco Systems,Cisco Catalyst 9800-40 Wireless Controller and Cisco CW9176 AP,C9800-40 and CW9176,Routers,PCIe3.0,,"Linux, Version: 17.15",2.4 GHz; 5 GHz; 6 GHz,Yes,Yes,Yes,No,No,No,No,Yes,Yes,No,No,No,No,Yes,Yes,No,No,Yes,Yes,Yes,Yes,Yes,Yes,No,No,No,No,No,No,No,Yes,No,No,Yes,No,Yes,Yes,Yes,No,Yes,Yes
WFA132720,2024-09-17,Cisco Systems,Cisco Catalyst CW9800H2 Wireless Controller and Cisco CW9178I AP,CW9800H2 with CW9178I,Routers,PCIe3.0,,"Linux, Version: 17.15",2.4 GHz; 5 GHz; 6 GHz,Yes,Yes,Yes,No,No,No,No,Yes,Yes,No,No,No,No,Yes,Yes,No,No,Yes,Yes,Yes,Yes,Yes,Yes,No,No,No,No,No,No,No,Yes,No,No,Yes,No,Yes,Yes,Yes,No,Yes,Yes
WFA132719,2024-09-17,Cisco Systems,Cisco Catalyst CW9800H1 Wireless Controller and Cisco CW9178I AP,CW9800H1 with CW9178I,Routers,PCIe3.0,,"Linux, Version: 17.15",2.4 GHz; 5 GHz; 6 GHz,Yes,Yes,Yes,No,No,No,No,Yes,Yes,No,No,No,No,Yes,Yes,No,No,Yes,Yes,Yes,Yes,Yes,Yes,No,No,No,No,No,No,No,Yes,No,No,Yes,No,Yes,Yes,Yes,No,Yes,Yes
WFA132718,2024-09-17,Cisco Systems,Cisco Catalyst CW9800M Wireless Controller and Cisco CW9178I AP,CW9800M with CW9178I,Routers,PCIe3.0,,"Linux, Version: 17.15",2.4 GHz; 5 GHz; 6 GHz,Yes,Yes,Yes,No,No,No,No,Yes,Yes,No,No,No,No,Yes,Yes,No,No,Yes,Yes,Yes,Yes,Yes,Yes,No,No,No,No,No,No,No,Yes,No,No,Yes,No,Yes,Yes,Yes,No,Yes,Yes
WFA132717,2024-09-17,Cisco Systems,Cisco Catalyst 9800 Cloud Wireless Controller and Cisco CW9178I AP,C9800-CL and CW9178I,Routers,PCIe3.0,,"Linux, Version: 17.15",2.4 GHz; 5 GHz; 6 GHz,Yes,Yes,Yes,No,No,No,No,Yes,Yes,No,No,No,No,Yes,Yes,No,No,Yes,Yes,Yes,Yes,Yes,Yes,No,No,No,No,No,No,No,Yes,No,No,Yes,No,Yes,Yes,Yes,No,Yes,Yes
WFA132716,2024-09-17,Cisco Systems,Cisco Catalyst 9800-80 Wireless Controller and Cisco CW9178I AP,C9800-80 and CW9178I,Routers,PCIe3.0,,"Linux, Version: 17.15",2.4 GHz; 5 GHz; 6 GHz,Yes,Yes,Yes,No,No,No,No,Yes,Yes,No,No,No,No,Yes,Yes,No,No,Yes,Yes,Yes,Yes,Yes,Yes,No,No,No,No,No,No,No,Yes,No,No,Yes,No,Yes,Yes,Yes,No,Yes,Yes
WFA132715,2024-09-17,Cisco Systems,Cisco Catalyst 9800-40 Wireless Controller and Cisco CW9178I AP,C9800-40 and CW9178I,Routers,PCIe3.0,,"Linux, Version: 17.15",2.4 GHz; 5 GHz; 6 GHz,Yes,Yes,Yes,No,No,No,No,Yes,Yes,No,No,No,No,Yes,Yes,No,No,Yes,Yes,Yes,Yes,Yes,Yes,No,No,No,No,No,No,No,Yes,No,No,Yes,No,Yes,Yes,Yes,No,Yes,Yes
WFA131648,2024-09-27,Cisco Systems,Cisco Catalyst 9800-L Wireless Controller and Cisco CW9176 AP,C9800-L and CW9176,Routers,PCIe3.0,,"Linux, Version: 17.15",2.4 GHz; 5 GHz; 6 GHz,Yes,Yes,Yes,No,No,No,No,Yes,Yes,No,No,No,No,Yes,Yes,No,No,Yes,Yes,Yes,Yes,Yes,Yes,No,No,No,No,No,No,No,Yes,No,No,Yes,No,Yes,Yes,Yes,No,Yes,Yes
WFA131647,2024-09-26,Cisco Systems,Cisco Wireless CW9176 with Meraki,Cisco Wireless CW9176,Routers,PCIe3.0,,R31,2.4 GHz; 5 GHz; 6 GHz,Yes,Yes,Yes,No,No,No,No,Yes,Yes,No,No,No,No,Yes,Yes,No,No,Yes,Yes,Yes,Yes,Yes,Yes,No,No,No,No,No,No,No,Yes,No,No,Yes,No,Yes,Yes,Yes,No,Yes,Yes
WFA132601,2024-09-13,"Huawei Technologies Co., Ltd.",Optical Network Terminal,OptiXstar V261a-20,Routers,PCIe,,Linux; Linux,2.4 GHz; 5 GHz,Yes,Yes,No,No,No,No,No,Yes,No,No,No,No,No,Yes,Yes,No,No,Yes,Yes,Yes,Yes,Yes,Yes,No,No,Yes,No,No,No,Yes,No,No,No,Yes,No,No,Yes,Yes,No,Yes,Yes
WFA132600,2024-09-13,"Huawei Technologies Co., Ltd.",Optical Network Terminal,OptiXstar V281s,Routers,PCIe,,Linux; Linux,2.4 GHz; 5 GHz,Yes,Yes,No,No,No,No,No,Yes,No,No,No,No,No,Yes,Yes,No,No,Yes,Yes,Yes,Yes,Yes,Yes,No,No,Yes,No,No,No,Yes,No,No,No,Yes,No,No,Yes,Yes,No,Yes,Yes
WFA131717,2024-09-13,Samsung Electronics,SM-F958N,SM-F958N,Phones,PCIe; PCIe,,Android 14.0; Android 14.0,2.4 GHz; 5 GHz; 6 GHz,Yes,Yes,Yes,No,No,No,No,Yes,Yes,No,No,Yes,Yes,Yes,Yes,No,No,Yes,Yes,Yes,Yes,Yes,Yes,No,No,No,No,No,Yes,No,Yes,Yes,No,Yes,Yes,Yes,Yes,Yes,Yes,Yes,Yes
WFA132570,2024-11-07,Fiberhome Technologies Group Corporation,GPON ONU,HG6142HT,Routers,PCIe,,5.10.0,2.4 GHz; 5 GHz,Yes,Yes,No,No,No,No,No,Yes,No,No,No,No,No,Yes,Yes,No,No,Yes,Yes,Yes,Yes,Yes,Yes,No,No,No,No,No,No,No,No,No,No,Yes,No,No,No,Yes,No,No,Yes
WFA132540,2024-09-10,"Huawei Technologies Co., Ltd.",Optical Network Terminal,OptiXstar EN8145B7Ns,Routers,PCIe,,Linux; Linux,2.4 GHz; 5 GHz,Yes,Yes,No,No,No,No,No,Yes,No,No,No,No,No,Yes,Yes,No,No,Yes,Yes,Yes,Yes,Yes,Yes,No,No,Yes,No,No,No,Yes,No,No,No,Yes,No,No,Yes,Yes,No,Yes,Yes
WFA132539,2024-09-10,"Huawei Technologies Co., Ltd.",Optical Network Terminal,OptiXstar W827E-2,Routers,PCIe,,Linux; Linux,2.4 GHz; 5 GHz,Yes,Yes,No,No,No,No,No,Yes,No,No,No,No,No,Yes,Yes,No,No,Yes,Yes,Yes,Yes,Yes,Yes,No,No,Yes,No,No,No,Yes,No,No,No,Yes,No,No,Yes,Yes,No,Yes,Yes
WFA132538,2024-09-10,"Huawei Technologies Co., Ltd.",Optical Network Terminal,OptiXstar W827E,Routers,PCIe,,Linux; Linux,2.4 GHz; 5 GHz,Yes,Yes,No,No,No,No,No,Yes,No,No,No,No,No,Yes,Yes,No,No,Yes,Yes,Yes,Yes,Yes,Yes,No,No,Yes,No,No,No,Yes,No,No,No,Yes,No,No,Yes,Yes,No,Yes,Yes
WFA127411,2024-09-18,Intel,Intel® Wi-Fi 7 BE200,BE200,Computers & Accessories,PCIe,,Windows 11,2.4 GHz; 5 GHz; 6 GHz,Yes,Yes,Yes,No,No,No,No,Yes,Yes,No,No,No,No,Yes,Yes,No,No,Yes,Yes,Yes,Yes,Yes,Yes,No,No,No,No,No,No,No,Yes,Yes,No,Yes,No,Yes,Yes,Yes,No,Yes,Yes
WFA132451,2024-09-04,Fujitsu Client Computing Limited,M.2 Module /FCZSW11H85139-11be,FCZSW11H85139-11be,Computers & Accessories,PCIe,,Windows 11,2.4 GHz; 5 GHz; 6 GHz,Yes,Yes,Yes,No,No,No,No,Yes,Yes,No,No,No,No,Yes,Yes,No,No,Yes,Yes,Yes,Yes,Yes,Yes,No,No,No,No,No,No,No,Yes,Yes,No,Yes,No,Yes,Yes,Yes,No,Yes,Yes
WFA132423,2024-11-11,Vantiva,OWA812D,OWA812D,Routers,PCIe,,Linux 4.19,2.4 GHz; 5 GHz,Yes,Yes,No,No,No,No,No,Yes,Yes,No,No,No,No,Yes,Yes,No,No,Yes,Yes,Yes,Yes,Yes,Yes,No,No,Yes,No,No,No,No,No,No,No,Yes,No,No,Yes,Yes,No,Yes,Yes
WFA132388,2024-08-29,Samsung Electronics,SM-W9025,SM-W9025,Phones,PCIe; PCIe,,Android 14.0; Android 14.0,2.4 GHz; 5 GHz,Yes,Yes,No,No,No,No,No,Yes,Yes,No,No,Yes,Yes,Yes,Yes,No,No,Yes,Yes,Yes,Yes,Yes,Yes,No,No,No,No,No,Yes,No,Yes,Yes,No,Yes,Yes,Yes,Yes,Yes,Yes,Yes,Yes
WFA132385,2024-09-04,Sony Interactive Entertainment Inc.,PlayStation®5 Pro,CFI-xxxxx,"Gaming, Media & Music",PCIe Gen1,,Linux,2.4 GHz; 5 GHz; 6 GHz,Yes,Yes,Yes,No,No,No,No,Yes,Yes,No,No,No,No,Yes,Yes,No,No,Yes,Yes,Yes,Yes,Yes,Yes,No,No,No,No,No,No,Yes,Yes,No,No,Yes,No,Yes,No,Yes,No,No,Yes
WFA132355,2024-08-28,ZTE Corporation,Wireless Router,ZXHN H6745,Routers,IPQ9570 SOC; QCN6224/QCN6224:PCI-e,,Linux5.4; Linux5.4,2.4 GHz; 5 GHz,Yes,Yes,No,No,No,No,No,Yes,No,No,No,No,No,Yes,Yes,No,No,Yes,Yes,Yes,Yes,Yes,Yes,No,No,Yes,No,No,No,Yes,No,No,No,Yes,No,Yes,No,Yes,No,No,Yes
WFA131717,2024-08-28,Samsung Electronics,SM-F958N,SM-F958N,Phones,PCIe; PCIe,,Android 14.0; Android 14.0,2.4 GHz; 5 GHz; 6 GHz,Yes,Yes,Yes,No,No,No,No,Yes,Yes,No,No,Yes,Yes,Yes,Yes,No,No,Yes,Yes,Yes,Yes,Yes,Yes,No,No,No,No,No,Yes,No,Yes,Yes,No,Yes,Yes,Yes,Yes,Yes,Yes,Yes,Yes
WFA132309,2024-08-22,Nokia Corporation,Fastmile 5G Gateway 7,5G30-03W-B,Routers,PCIe,,Linux; Linux,2.4 GHz; 5 GHz,Yes,Yes,No,No,No,No,No,Yes,Yes,No,No,No,No,Yes,Yes,No,No,Yes,Yes,Yes,Yes,Yes,Yes,No,No,Yes,No,No,No,No,No,No,No,Yes,No,No,No,Yes,No,No,Yes
WFA132294,2024-11-11,Vantiva,FGA232A,FGA232A,Routers,PCIe,,Linux 4.19; Linux 4.19,2.4 GHz; 5 GHz,Yes,Yes,No,No,No,No,No,Yes,Yes,No,No,No,No,Yes,Yes,No,No,Yes,Yes,Yes,Yes,Yes,Yes,No,No,Yes,No,No,No,No,No,No,No,Yes,No,No,Yes,Yes,No,Yes,Yes
WFA132292,2024-08-19,ZTE Corporation,Wireless Router,ZXHN F6746G,Routers,IPQ9570 SOC; QCN6224/QCN6224:PCI-e,,Linux5.4; Linux5.4,2.4 GHz; 5 GHz,Yes,Yes,No,No,No,No,No,Yes,No,No,No,No,No,Yes,Yes,No,No,Yes,Yes,Yes,Yes,Yes,Yes,No,No,Yes,No,No,No,Yes,No,No,No,Yes,No,Yes,No,Yes,No,No,Yes
WFA132283,2024-08-19,"ZOWEE TECHNOLOGY(HEYUAN) CO., LTD.",5G CPE,H165-383,Routers,IQ,,Linux,2.4 GHz; 5 GHz,Yes,Yes,No,No,No,No,No,Yes,No,No,No,No,No,Yes,Yes,No,No,Yes,Yes,Yes,Yes,No,Yes,No,No,No,No,No,No,No,No,No,No,Yes,No,Yes,No,Yes,No,No,Yes
WFA130519,2024-08-15,Askey Computer Corporation,Askey RTM-7000T,RTM-7000T,Routers,PCIe 3.0,,Linux; Linux,2.4 GHz; 5 GHz; 6 GHz,Yes,Yes,Yes,No,No,No,No,Yes,No,No,No,No,No,Yes,Yes,No,No,Yes,Yes,Yes,Yes,Yes,Yes,No,No,Yes,No,No,No,No,Yes,No,No,Yes,No,No,No,Yes,No,No,Yes
WFA132219,2024-08-09,Orange,Livebox LB7,PRV36BE347B-H1-LT,Routers,2.4G: PCIe; 5G: PCIe,,Linux 4.19.294; Linux 4.19.294,2.4 GHz; 5 GHz,Yes,Yes,No,No,No,No,No,Yes,Yes,No,No,No,No,Yes,Yes,No,No,Yes,Yes,Yes,Yes,Yes,Yes,No,No,Yes,No,No,No,Yes,No,No,No,Yes,No,No,Yes,Yes,No,Yes,Yes
WFA132231,2024-11-18,H3C,H3C WA7330X WLAN AP with H3C WX Series WLAN Controller,H3C WA7330X WLAN AP,Routers,PCIE,,Comware,2.4 GHz; 5 GHz; 6 GHz,Yes,Yes,Yes,No,No,No,No,Yes,Yes,No,No,No,No,Yes,Yes,No,No,Yes,Yes,Yes,Yes,Yes,Yes,No,No,No,No,No,No,No,Yes,No,No,Yes,No,No,Yes,Yes,No,Yes,Yes
WFA132038,2024-08-08,ZTE Corporation,"TIM HUB Pro,GPON ONT",ZXHN F6745M,Routers,MT7992AV+MT7975N+MT7979N,,Linux 5.4; Linux 5.4,2.4 GHz; 5 GHz,Yes,Yes,No,No,No,No,No,Yes,No,No,No,No,No,Yes,Yes,No,No,Yes,Yes,Yes,Yes,Yes,Yes,No,No,Yes,No,No,No,Yes,No,No,No,Yes,No,Yes,No,Yes,No,No,Yes
WFA132219,2024-08-08,Orange,Livebox LB7,PRV36BE347B-H1-LT,Routers,2.4G: PCIe; 5G: PCIe,,Linux 4.19.294; Linux 4.19.294,2.4 GHz; 5 GHz,Yes,Yes,No,No,No,No,No,Yes,Yes,No,No,No,No,Yes,Yes,No,No,Yes,Yes,Yes,Yes,Yes,Yes,No,No,Yes,No,No,No,Yes,No,No,No,Yes,No,No,Yes,Yes,No,Yes,Yes
WFA132215,2024-09-30,"ELECOM Co., Ltd.",Enterprise AP,WAB-BE187-M,Routers,v1.0,,Linux 5.4.260,2.4 GHz; 5 GHz; 6 GHz,Yes,Yes,Yes,No,No,No,No,Yes,Yes,No,No,No,No,Yes,Yes,No,No,Yes,Yes,Yes,Yes,Yes,Yes,No,No,No,No,No,No,No,Yes,No,No,Yes,No,No,Yes,Yes,No,Yes,Yes
WFA132210,2024-08-15,"Kaonbroadband CO., LTD.",PG2380G,PG2380G,Routers,PCIe,,Linux,2.4 GHz; 5 GHz; 6 GHz,Yes,Yes,Yes,No,No,No,No,Yes,Yes,No,No,No,No,Yes,Yes,No,No,Yes,Yes,Yes,Yes,Yes,Yes,No,No,No,No,No,No,No,Yes,No,No,Yes,No,No,Yes,Yes,No,Yes,Yes
WFA132201,2024-11-22,Vantiva,XER5,XER5,Routers,PCIE,,Linux 5.4,2.4 GHz; 5 GHz,Yes,Yes,No,No,No,No,No,Yes,No,No,No,No,No,Yes,Yes,No,No,Yes,Yes,Yes,Yes,Yes,Yes,No,No,No,No,No,No,No,Yes,No,No,Yes,No,No,Yes,Yes,No,Yes,Yes
WFA132159,2024-08-20,"Kaonbroadband CO., LTD.",AR6445G,AR6445G,Routers,PCIe,,Linux,2.4 GHz; 5 GHz; 6 GHz,Yes,Yes,Yes,No,No,No,No,Yes,Yes,No,No,No,No,Yes,Yes,No,No,Yes,Yes,Yes,Yes,Yes,Yes,No,No,No,No,No,No,No,Yes,No,No,Yes,No,No,Yes,Yes,No,Yes,Yes
WFA132136,2024-11-08,Zyxel Communications Corporation,Tri-Band Wireless BE18000 10G Ethernet Gateway,EE6510-10,Routers,PCIe,,Linux version 4.19.274,2.4 GHz; 5 GHz; 6 GHz,Yes,Yes,Yes,No,No,No,No,Yes,Yes,No,No,No,No,Yes,Yes,No,No,Yes,Yes,Yes,Yes,Yes,Yes,No,No,No,No,No,No,No,No,No,No,Yes,No,No,No,Yes,No,No,Yes
WFA132113,2024-07-30,ZTE Corporation,Router,MC8512,Routers,PCIe,,Linux 5.4.238; Linux 5.4.238,2.4 GHz; 5 GHz; 6 GHz,Yes,Yes,Yes,No,No,No,No,Yes,No,No,No,No,No,Yes,Yes,No,No,Yes,Yes,Yes,Yes,Yes,Yes,No,No,Yes,No,No,No,Yes,Yes,No,No,Yes,No,Yes,No,Yes,No,No,Yes
WFA132064,2024-08-05,Nokia Corporation,Nokia WiFi Beacon 19,Beacon 19,Routers,PCIe,,Linux; Linux,2.4 GHz; 5 GHz; 6 GHz,Yes,Yes,Yes,No,No,No,No,Yes,No,No,No,No,No,Yes,Yes,No,No,Yes,Yes,Yes,Yes,Yes,Yes,No,No,Yes,No,No,No,Yes,Yes,No,No,Yes,No,No,Yes,Yes,No,Yes,Yes
WFA132062,2024-10-01,"Huawei Technologies Co., Ltd.",Wireless LAN Access Point,AirEngine6776-58TI,Routers,SPI&HSI,,HongMeng,2.4 GHz; 5 GHz; 6 GHz,Yes,Yes,Yes,No,No,No,No,Yes,No,No,No,No,No,Yes,Yes,No,No,Yes,Yes,Yes,Yes,Yes,Yes,No,No,No,No,No,No,No,No,No,No,Yes,No,No,Yes,Yes,No,Yes,Yes
WFA132049,2024-07-26,Fujitsu Client Computing Limited,M.2 Module / FCZSW11E39869-11be,FCZSW11E39869-11be,Other,NGFF,,Windows,2.4 GHz; 5 GHz; 6 GHz,Yes,Yes,Yes,No,No,No,No,Yes,Yes,No,No,No,No,Yes,Yes,No,No,Yes,Yes,Yes,Yes,Yes,Yes,No,No,No,No,No,No,Yes,Yes,No,No,Yes,No,Yes,Yes,Yes,Yes,Yes,Yes
WFA132038,2024-07-23,ZTE Corporation,"TIM HUB Pro,GPON ONT",ZXHN F6745M,Routers,MT7992AV+MT7975N+MT7979N,,Linux 5.4,2.4 GHz; 5 GHz,Yes,Yes,No,No,No,No,No,Yes,No,No,No,No,No,Yes,Yes,No,No,Yes,Yes,Yes,Yes,Yes,Yes,No,No,No,No,No,No,Yes,No,No,No,Yes,No,Yes,No,Yes,No,No,Yes
WFA132004,2024-07-22,"Huawei Technologies Co., Ltd.",Wireless LAN Access Point,AirEngine5573-23HW,Routers,SPI&HSI,,HongMeng,2.4 GHz; 5 GHz,Yes,Yes,No,No,No,No,No,Yes,No,No,No,No,No,Yes,Yes,No,No,Yes,Yes,Yes,Yes,Yes,Yes,No,No,No,No,No,No,No,No,No,No,Yes,No,No,Yes,Yes,No,Yes,Yes
WFA132003,2024-07-18,"Huawei Technologies Co., Ltd.",Wireless LAN Access Point,AirEngine5573-23H,Routers,SPI&HSI,,HongMeng,2.4 GHz; 5 GHz,Yes,Yes,No,No,No,No,No,Yes,No,No,No,No,No,Yes,Yes,No,No,Yes,Yes,Yes,Yes,Yes,Yes,No,No,No,No,No,No,No,No,No,No,Yes,No,No,Yes,Yes,No,Yes,Yes
WFA132002,2024-07-18,"Huawei Technologies Co., Ltd.",Wireless LAN Access Point,eKitEngine AP371,Routers,SPI&HSI,,HongMeng,2.4 GHz; 5 GHz,Yes,Yes,No,No,No,No,No,Yes,No,No,No,No,No,Yes,Yes,No,No,Yes,Yes,Yes,Yes,Yes,Yes,No,No,No,No,No,No,No,No,No,No,Yes,No,No,Yes,Yes,No,Yes,Yes
WFA131991,2024-10-28,ASUSTeK Computer Inc.,ASUS_AI2501,ASUS_AI2501,Phones,PCIE; PCIE; PCIE,,Android 15; Android 15; Android 15,2.4 GHz; 5 GHz; 6 GHz,Yes,Yes,Yes,No,No,Yes,No,Yes,No,No,No,No,No,Yes,Yes,No,No,Yes,Yes,Yes,Yes,Yes,Yes,No,No,No,No,No,No,Yes,Yes,No,No,Yes,No,No,Yes,Yes,Yes,Yes,Yes
WFA131967,2024-07-16,"Huawei Technologies Co., Ltd.",Wireless LAN Access Point,AirEngine6776I-X7TH,Routers,SPI&HSI,,HongMeng,2.4 GHz; 5 GHz; 6 GHz,Yes,Yes,Yes,No,No,No,No,Yes,No,No,No,No,No,Yes,Yes,No,No,Yes,Yes,Yes,Yes,Yes,Yes,No,No,No,No,No,No,No,Yes,No,No,Yes,No,No,Yes,Yes,No,Yes,Yes
WFA131966,2024-07-16,"Huawei Technologies Co., Ltd.",Wireless LAN Access Point,AirEngine5773-25HW,Routers,SPI&HSI,,HongMeng,2.4 GHz; 5 GHz,Yes,Yes,No,No,No,No,No,Yes,No,No,No,No,No,Yes,Yes,No,No,Yes,Yes,Yes,Yes,Yes,Yes,No,No,No,No,No,No,No,No,No,No,Yes,No,No,Yes,Yes,No,Yes,Yes
WFA131965,2024-07-16,"Huawei Technologies Co., Ltd.",Wireless LAN Access Point,AirEngine5773-23WP,Routers,SPI&HSI,,HongMeng,2.4 GHz; 5 GHz,Yes,Yes,No,No,No,No,No,Yes,No,No,No,No,No,Yes,Yes,No,No,Yes,Yes,Yes,Yes,Yes,Yes,No,No,No,No,No,No,No,No,No,No,Yes,No,No,Yes,Yes,No,Yes,Yes
WFA131964,2024-07-16,"Huawei Technologies Co., Ltd.",Wireless LAN Access Point,AirEngine5573-21,Routers,SPI&HSI,,HongMeng,2.4 GHz; 5 GHz,Yes,Yes,No,No,No,No,No,Yes,No,No,No,No,No,Yes,Yes,No,No,Yes,Yes,Yes,Yes,Yes,Yes,No,No,No,No,No,No,No,No,No,No,Yes,No,No,Yes,Yes,No,Yes,Yes
WFA131963,2024-07-16,"Huawei Technologies Co., Ltd.",Wireless LAN Access Point,AirEngine3573-21,Routers,SPI&HSI,,HongMeng,2.4 GHz; 5 GHz,Yes,Yes,No,No,No,No,No,Yes,No,No,No,No,No,Yes,Yes,No,No,Yes,Yes,Yes,Yes,Yes,Yes,No,No,No,No,No,No,No,No,No,No,Yes,No,No,Yes,Yes,No,Yes,Yes
WFA131946,2024-07-16,"Huawei Technologies Co., Ltd.",Wireless LAN Access Point,AirEngine5773-21,Routers,SPI&HSI,,HongMeng,2.4 GHz; 5 GHz,Yes,Yes,No,No,No,No,No,Yes,No,No,No,No,No,Yes,Yes,No,No,Yes,Yes,Yes,Yes,Yes,Yes,No,No,No,No,No,No,No,No,No,No,Yes,No,No,Yes,Yes,No,Yes,Yes
WFA131944,2024-07-15,"Huawei Technologies Co., Ltd.",Wireless LAN Access Point,AirEngine5773-23H,Routers,SPI&HSI,,HongMeng,2.4 GHz; 5 GHz,Yes,Yes,No,No,No,No,No,Yes,No,No,No,No,No,Yes,Yes,No,No,Yes,Yes,Yes,Yes,Yes,Yes,No,No,No,No,No,No,No,No,No,No,Yes,No,No,Yes,Yes,No,Yes,Yes
WFA131942,2024-07-15,"Huawei Technologies Co., Ltd.",Wireless LAN Access Point,AirEngine5773-23HW,Routers,SPI&HSI,,HongMeng,2.4 GHz; 5 GHz,Yes,Yes,No,No,No,No,No,Yes,No,No,No,No,No,Yes,Yes,No,No,Yes,Yes,Yes,Yes,Yes,Yes,No,No,No,No,No,No,No,No,No,No,Yes,No,No,Yes,Yes,No,Yes,Yes
WFA130391,2024-07-18,Zyxel Communications Corporation,5G NR Indoor Router,NR5307,Routers,PCIe,,Linux 5.4.238; Linux 5.4.238,2.4 GHz; 5 GHz,Yes,Yes,No,No,No,No,No,Yes,No,No,No,No,No,Yes,Yes,No,No,Yes,Yes,Yes,Yes,Yes,Yes,No,No,Yes,No,No,No,Yes,No,No,No,Yes,No,No,No,Yes,No,No,Yes
WFA131916,2024-08-20,Extreme Networks,AP5020 Universal Wireless Wi-Fi 7,AP5020-WW,Routers,Onboard,,Linux,2.4 GHz; 5 GHz; 6 GHz,Yes,Yes,Yes,No,No,No,No,Yes,Yes,No,No,No,No,Yes,Yes,No,No,Yes,Yes,Yes,Yes,Yes,Yes,No,No,No,No,No,No,No,Yes,No,No,Yes,No,No,Yes,Yes,No,Yes,Yes
WFA129740,2024-07-11,"Huawei Technologies Co., Ltd.",Wireless LAN Access Point,AirEngine5773-22P,Routers,SPI&HSI,,HongMeng,2.4 GHz; 5 GHz,Yes,Yes,No,No,No,No,No,Yes,No,No,No,No,No,Yes,Yes,No,No,Yes,Yes,Yes,Yes,Yes,Yes,No,No,No,No,No,No,No,No,No,No,Yes,No,No,Yes,Yes,No,Yes,Yes
WFA131797,2024-09-03,Actiontec Electronics,Tri-band Wi-Fi7 Router,WF-825,Routers,PCIe,,Linux,2.4 GHz; 5 GHz; 6 GHz,Yes,Yes,Yes,No,No,No,No,Yes,No,No,No,No,No,Yes,Yes,No,No,Yes,Yes,Yes,Yes,Yes,Yes,No,No,No,No,No,No,No,No,No,No,Yes,No,No,No,Yes,No,No,Yes
WFA131736,2024-10-17,Arcadyan Technology Corporation,Swisscom Internet-Box 5 Pro,PRV65BE3448B-B-H1-LSW,Routers,PCIe,,Linux 4.19.294,2.4 GHz; 5 GHz; 6 GHz,Yes,Yes,Yes,No,No,No,No,Yes,Yes,No,No,No,No,Yes,Yes,No,No,Yes,Yes,Yes,Yes,Yes,Yes,No,No,No,No,No,No,Yes,Yes,No,No,Yes,No,No,Yes,Yes,No,Yes,Yes
WFA128809,2024-06-28,H3C,H3C WA7638 WLAN AP with H3C WX Series WLAN Controller,H3C WA7638 WLAN AP with H3C WX Series WLAN Controller,Routers,PCIE,,Comware,2.4 GHz; 5 GHz; 6 GHz,Yes,Yes,Yes,No,No,No,No,Yes,Yes,No,No,No,No,Yes,Yes,No,No,Yes,Yes,Yes,Yes,Yes,Yes,No,No,No,No,No,No,No,Yes,No,No,Yes,No,No,Yes,Yes,No,Yes,Yes
WFA131735,2024-06-25,"Huawei Technologies Co., Ltd.",Wireless LAN Access Point,eKitEngine AP673,Routers,SPI&HSI,,HongMeng,2.4 GHz; 5 GHz; 6 GHz,Yes,Yes,Yes,No,No,No,No,Yes,No,No,No,No,No,Yes,Yes,No,No,Yes,Yes,Yes,Yes,Yes,Yes,No,No,No,No,No,No,No,Yes,No,No,Yes,No,No,Yes,Yes,No,Yes,Yes
WFA131661,2024-06-28,H3C,H3C WA7636 WLAN AP with H3C WX Series WLAN Controller,H3C WA7636 WLAN AP with H3C WX Series WLAN Controller,Routers,PCIE,,Comware,2.4 GHz; 5 GHz; 6 GHz,Yes,Yes,Yes,No,No,No,No,Yes,Yes,No,No,No,No,Yes,Yes,No,No,Yes,Yes,Yes,Yes,Yes,Yes,No,No,No,No,No,No,No,Yes,No,No,Yes,No,No,Yes,Yes,No,Yes,Yes
WFA131716,2024-06-24,"Huawei Technologies Co., Ltd.",Wireless LAN Access Point,AirEngine6776I-X6TH,Routers,SPI&HSI,,HongMeng,2.4 GHz; 5 GHz; 6 GHz,Yes,Yes,Yes,No,No,No,No,Yes,No,No,No,No,No,Yes,Yes,No,No,Yes,Yes,Yes,Yes,Yes,Yes,No,No,No,No,No,No,No,Yes,No,No,Yes,No,No,Yes,Yes,No,Yes,Yes
WFA131715,2024-06-24,"Huawei Technologies Co., Ltd.",Wireless LAN Access Point,AirEngine6576-57T,Routers,SPI&HSI,,HongMeng,2.4 GHz; 5 GHz; 6 GHz,Yes,Yes,Yes,No,No,No,No,Yes,No,No,No,No,No,Yes,Yes,No,No,Yes,Yes,Yes,Yes,Yes,Yes,No,No,No,No,No,No,No,Yes,No,No,Yes,No,No,Yes,Yes,No,Yes,Yes
WFA131714,2024-06-24,"Huawei Technologies Co., Ltd.",Wireless LAN Access Point,AirEngine6576-56TP,Routers,SPI&HSI,,HongMeng,2.4 GHz; 5 GHz,Yes,Yes,No,No,No,No,No,Yes,No,No,No,No,No,Yes,Yes,No,No,Yes,Yes,Yes,Yes,Yes,Yes,No,No,No,No,No,No,No,No,No,No,Yes,No,No,Yes,Yes,No,Yes,Yes
WFA131713,2024-06-24,"Huawei Technologies Co., Ltd.",Wireless LAN Access Point,AirEngine5576-26,Routers,SPI&HSI,,HongMeng,2.4 GHz; 5 GHz,Yes,Yes,No,No,No,No,No,Yes,No,No,No,No,No,Yes,Yes,No,No,Yes,Yes,Yes,Yes,Yes,Yes,No,No,No,No,No,No,No,No,No,No,Yes,No,No,Yes,Yes,No,Yes,Yes
WFA131661,2024-06-19,H3C,H3C WA7636 WLAN AP with H3C WX Series WLAN Controller,H3C WA7636 WLAN AP with H3C WX Series WLAN Controller,Routers,PCIE,,Comware,2.4 GHz; 5 GHz; 6 GHz,Yes,Yes,Yes,No,No,No,No,Yes,Yes,No,No,No,No,Yes,Yes,No,No,Yes,Yes,Yes,Yes,Yes,Yes,No,No,No,No,No,No,No,Yes,No,No,Yes,No,No,Yes,Yes,No,Yes,Yes
WFA131648,2024-09-16,Cisco Systems,Cisco Catalyst 9800-L Wireless Controller and Cisco CW9176 AP,C9800-L and CW9176,Routers,PCIe3.0,,"Linux, Version: 17.15",2.4 GHz; 5 GHz; 6 GHz,Yes,Yes,Yes,No,No,No,No,Yes,Yes,No,No,No,No,Yes,Yes,No,No,Yes,Yes,Yes,Yes,Yes,Yes,No,No,No,No,No,No,No,Yes,No,No,Yes,No,Yes,Yes,Yes,No,Yes,Yes
WFA131647,2024-09-13,Cisco Systems,Cisco Wireless CW9176 with Meraki,Cisco Wireless CW9176,Routers,PCIe3.0,,R31,2.4 GHz; 5 GHz; 6 GHz,Yes,Yes,Yes,No,No,No,No,Yes,Yes,No,No,No,No,Yes,Yes,No,No,Yes,Yes,Yes,Yes,Yes,Yes,No,No,No,No,No,No,No,Yes,No,No,Yes,No,Yes,Yes,Yes,No,Yes,Yes
WFA131646,2024-09-16,Cisco Systems,Cisco Wireless CW9178I with Meraki,Cisco Wireless CW9178I,Routers,PCIe3.0,,R31,2.4 GHz; 5 GHz; 6 GHz,Yes,Yes,Yes,No,No,No,No,Yes,Yes,No,No,No,No,Yes,Yes,No,No,Yes,Yes,Yes,Yes,Yes,Yes,No,No,No,No,No,No,No,Yes,No,No,Yes,No,Yes,Yes,Yes,No,Yes,Yes
WFA131645,2024-09-16,Cisco Systems,Cisco Catalyst 9800-L Wireless Controller and Cisco CW9178I AP,C9800-L and CW9178I,Routers,PCIe3.0,,"Linux, Version: 17.15",2.4 GHz; 5 GHz; 6 GHz,Yes,Yes,Yes,No,No,No,No,Yes,Yes,No,No,No,No,Yes,Yes,No,No,Yes,Yes,Yes,Yes,Yes,Yes,No,No,No,No,No,No,No,Yes,No,No,Yes,No,Yes,Yes,Yes,No,Yes,Yes
WFA131582,2024-06-12,TP-Link Systems Inc.,BE11000 Whole Home Mesh Wi-Fi 7 System,Deco BE65 Pro,Routers,PCIE,,Linux,2.4 GHz; 5 GHz; 6 GHz,Yes,Yes,Yes,No,No,No,No,Yes,No,No,No,No,No,Yes,Yes,No,No,Yes,Yes,Yes,Yes,Yes,Yes,No,No,No,No,No,No,No,Yes,No,No,Yes,No,No,No,Yes,No,No,Yes
WFA131581,2024-06-12,TP-Link Systems Inc.,BE11000 Whole Home Mesh Wi-Fi 7 System,Deco BE11000,Routers,PCIE,,Linux,2.4 GHz; 5 GHz; 6 GHz,Yes,Yes,Yes,No,No,No,No,Yes,No,No,No,No,No,Yes,Yes,No,No,Yes,Yes,Yes,Yes,Yes,Yes,No,No,No,No,No,No,No,Yes,No,No,Yes,No,No,No,Yes,No,No,Yes
WFA131580,2024-06-12,TP-Link Systems Inc.,BE11000 Whole Home Mesh Wi-Fi 7 System,Deco BE63,Routers,PCIE,,Linux,2.4 GHz; 5 GHz; 6 GHz,Yes,Yes,Yes,No,No,No,No,Yes,No,No,No,No,No,Yes,Yes,No,No,Yes,Yes,Yes,Yes,Yes,Yes,No,No,No,No,No,No,No,Yes,No,No,Yes,No,No,No,Yes,No,No,Yes
WFA131572,2024-06-24,Intel,Intel® Wi-Fi 7 BE201,BE201,Computers & Accessories,PCIe,,Windows 11,2.4 GHz; 5 GHz; 6 GHz,Yes,Yes,Yes,No,No,No,No,Yes,Yes,No,No,No,No,Yes,Yes,No,No,Yes,Yes,Yes,Yes,Yes,Yes,No,No,No,No,No,No,No,Yes,Yes,No,Yes,No,Yes,Yes,Yes,No,Yes,Yes
WFA129344,2024-06-18,"Nokia Shanghai Bell Co., Ltd.",Nokia WiFi Beacon 24,Beacon 24,Routers,PCIe,,Linux; Linux,2.4 GHz; 5 GHz; 6 GHz,Yes,Yes,Yes,No,No,No,No,Yes,No,No,No,No,No,Yes,Yes,No,No,Yes,Yes,Yes,Yes,Yes,Yes,No,No,Yes,No,No,No,Yes,Yes,No,No,Yes,No,No,Yes,Yes,No,Yes,Yes
WFA131515,2024-06-13,"Google, Inc.","GGH2X, GC15S","GGH2X, GC15S",Phones,PCIe; PCIe,,Android; Android,2.4 GHz; 5 GHz; 6 GHz,Yes,Yes,Yes,No,No,No,No,Yes,Yes,No,No,Yes,Yes,Yes,Yes,No,No,Yes,Yes,Yes,Yes,Yes,Yes,No,No,No,No,No,No,No,Yes,No,No,Yes,Yes,Yes,Yes,Yes,Yes,Yes,Yes
WFA131514,2024-06-12,"Google, Inc.","GR83Y, GWVK6, GEC77","GR83Y, GWVK6, GEC77",Phones,PCIe; PCIe,,Android; Android,2.4 GHz; 5 GHz; 6 GHz,Yes,Yes,Yes,No,No,No,No,Yes,Yes,No,No,Yes,Yes,Yes,Yes,No,No,Yes,Yes,Yes,Yes,Yes,Yes,No,No,No,No,No,No,No,Yes,No,No,Yes,Yes,Yes,Yes,Yes,Yes,Yes,Yes
WFA131513,2024-06-13,"Google, Inc.","GGX8B, GZC4K, GQ57S","GGX8B, GZC4K, GQ57S",Phones,PCIe; PCIe,,Android; Android,2.4 GHz; 5 GHz; 6 GHz,Yes,Yes,Yes,No,No,No,No,Yes,Yes,No,No,Yes,Yes,Yes,Yes,No,No,Yes,Yes,Yes,Yes,Yes,Yes,No,No,No,No,No,No,No,Yes,No,No,Yes,Yes,Yes,Yes,Yes,Yes,Yes,Yes
WFA131459,2024-06-04,"Huawei Technologies Co., Ltd.",Wireless LAN Access Point,AirEngine5776-26,Routers,SPI&HSI,,HongMeng,2.4 GHz; 5 GHz,Yes,Yes,No,No,No,No,No,Yes,No,No,No,No,No,Yes,Yes,No,No,Yes,Yes,Yes,Yes,Yes,Yes,No,No,No,No,No,No,No,No,No,No,Yes,No,No,Yes,Yes,No,Yes,Yes
WFA131385,2024-09-26,Zyxel Networks Corporation,802.11be (WiFi 7) Triple-Radio Unified Pro Access Point,WBE660S,Routers,PCIe,,Linux Kernel 5.4,2.4 GHz; 5 GHz; 6 GHz,Yes,Yes,Yes,No,No,No,No,Yes,No,No,No,No,No,Yes,Yes,No,No,Yes,Yes,Yes,Yes,Yes,Yes,No,No,No,No,No,No,No,Yes,No,No,Yes,No,No,No,Yes,No,No,Yes
WFA128597,2024-07-08,Zyxel Communications Corporation,5G NR Indoor Router,BP5691,Routers,PCIe,,Linux 5.4.238; Linux 5.4.238,2.4 GHz; 5 GHz,Yes,Yes,No,No,No,No,No,Yes,No,No,No,No,No,Yes,Yes,No,No,Yes,Yes,Yes,Yes,Yes,Yes,No,No,Yes,No,No,No,Yes,No,No,No,Yes,No,No,No,Yes,No,No,Yes
WFA131329,2024-09-04,Vodafone Group PLC,Super Wi-Fi 7,RP761BVDF,Routers,PCIe,,Linux,2.4 GHz; 5 GHz,Yes,Yes,No,No,No,No,No,Yes,Yes,No,No,No,No,Yes,Yes,No,No,Yes,Yes,Yes,Yes,Yes,Yes,No,No,No,No,No,No,No,No,No,No,Yes,No,No,No,Yes,No,No,Yes
WFA126059,2024-07-22,MediaTek Inc.,MediaTek Filogic 380 - MT7927,MediaTek Filogic 380 - MT7927,Other,NGFF,,Windows,2.4 GHz; 5 GHz; 6 GHz,Yes,Yes,Yes,No,No,No,No,Yes,Yes,No,No,No,No,Yes,Yes,No,No,Yes,Yes,Yes,Yes,Yes,Yes,No,No,No,No,No,No,Yes,Yes,No,No,Yes,No,Yes,Yes,Yes,Yes,Yes,Yes
WFA131231,2024-07-31,Nokia Corporation,Fastmile 5G Gateway 12,5G31-03W-B,Routers,PCIe,,Linux,2.4 GHz; 5 GHz; 6 GHz,Yes,Yes,Yes,No,No,No,No,Yes,Yes,No,No,No,No,Yes,Yes,No,No,Yes,Yes,Yes,Yes,Yes,Yes,No,No,No,No,No,No,No,Yes,No,No,Yes,No,No,No,Yes,No,No,Yes
WFA131171,2024-09-16,"HAN Networks Co., Ltd.",HAN Access Point,AP511,Routers,1*5GE，1*USB2.0，1*Console，1*Factory default reset ， 1* Power Jack,,linux 5.4,2.4 GHz; 5 GHz; 6 GHz,Yes,Yes,Yes,No,No,No,Yes,Yes,Yes,No,No,No,No,Yes,Yes,No,No,Yes,Yes,Yes,Yes,Yes,Yes,No,No,No,No,No,No,No,Yes,No,No,Yes,No,Yes,Yes,Yes,No,Yes,Yes
WFA131092,2024-06-26,ZTE Corporation,Router,G5 Ultra,Routers,PCIe,,Linux 5.4.238; Linux 5.4.238,2.4 GHz; 5 GHz; 6 GHz,Yes,Yes,Yes,No,No,No,No,Yes,No,No,No,No,No,Yes,Yes,No,No,Yes,Yes,Yes,Yes,Yes,Yes,No,No,Yes,No,No,No,Yes,Yes,No,No,Yes,No,Yes,No,Yes,No,No,Yes
WFA131075,2024-09-30,Askey Computer Corporation,Askey-APM7200T,Askey-APM7200T,Routers,PCIe 3.0,,Linux,2.4 GHz; 5 GHz; 6 GHz,Yes,Yes,Yes,No,No,No,No,Yes,No,No,No,No,No,Yes,Yes,No,No,Yes,Yes,Yes,Yes,Yes,Yes,No,No,No,No,No,No,No,Yes,No,No,Yes,No,No,No,Yes,No,No,Yes
WFA131069,2024-11-18,Vantiva,OWA813V,OWA813V,Routers,PCIe,,Linux,2.4 GHz; 5 GHz; 6 GHz,Yes,Yes,Yes,No,No,No,No,Yes,No,No,No,No,No,Yes,Yes,No,No,Yes,Yes,Yes,Yes,Yes,Yes,No,No,No,No,No,No,No,Yes,No,No,Yes,No,No,No,Yes,No,No,Yes
WFA131058,2024-10-01,SoftBank Corporation,10G E-WMTA1.0,EVO310G,Routers,PCIe,,Linux; Linux,2.4 GHz; 5 GHz; 6 GHz,Yes,Yes,Yes,No,No,No,No,Yes,Yes,No,No,No,No,Yes,Yes,No,No,Yes,Yes,Yes,Yes,Yes,Yes,No,No,Yes,No,No,No,Yes,Yes,No,No,Yes,No,No,No,Yes,No,No,Yes
WFA131034,2024-09-12,Sagemcom Broadband SAS,F380b PLATFORM,F380b,Routers,Internal + PCIe,,24.1,2.4 GHz; 5 GHz; 6 GHz,Yes,Yes,Yes,No,No,No,No,Yes,No,No,No,No,No,Yes,Yes,No,No,Yes,Yes,Yes,Yes,Yes,Yes,No,No,No,No,No,No,No,Yes,No,No,Yes,No,No,No,Yes,No,No,Yes
WFA130941,2024-07-19,"Huawei Technologies Co., Ltd.",Optical Network Terminal,OptiXstar HG8247B7-8N,Routers,PCIe,,Linux; Linux,2.4 GHz; 5 GHz,Yes,Yes,No,No,No,No,No,Yes,No,No,No,No,No,Yes,Yes,No,No,Yes,Yes,Yes,Yes,Yes,Yes,No,No,Yes,No,No,No,Yes,No,No,No,Yes,No,No,Yes,Yes,No,Yes,Yes
WFA130860,2024-07-12,TP-Link Systems Inc.,BE9300 Tri-Band Wi-Fi 7 Router,Archer BE550,Routers,PCIE,,Linux,2.4 GHz; 5 GHz; 6 GHz,Yes,Yes,Yes,No,No,No,No,Yes,No,No,No,No,No,Yes,Yes,No,No,Yes,Yes,Yes,Yes,Yes,Yes,No,No,No,No,No,No,No,Yes,No,No,Yes,No,No,No,Yes,No,No,Yes
WFA130852,2024-04-23,ZTE Corporation,Wireless Router,ZXHN H5745,Routers,IPQ9570 SOC; QCN6224/QCN6224:PCI-e,,Linux5.4; Linux5.4,2.4 GHz; 5 GHz,Yes,Yes,No,No,No,No,No,Yes,No,No,No,No,No,Yes,Yes,No,No,Yes,Yes,Yes,Yes,Yes,Yes,No,No,Yes,No,No,No,Yes,No,No,No,Yes,No,Yes,No,Yes,No,No,Yes
WFA130851,2024-04-22,ZTE Corporation,Optical Network Terminal,ZXHN F6745,Routers,IPQ9570 SOC; QCN6224/QCN6224:PCI-e,,Linux5.4; Linux5.4,2.4 GHz; 5 GHz,Yes,Yes,No,No,No,No,No,Yes,No,No,No,No,No,Yes,Yes,No,No,Yes,Yes,Yes,Yes,Yes,Yes,No,No,Yes,No,No,No,Yes,No,No,No,Yes,No,Yes,No,Yes,No,No,Yes
WFA130850,2024-04-22,ZTE Corporation,Optical Network Terminal,ZXHN F8748,Routers,IPQ9570 SOC; QCN6224/QCN6224:PCI-e,,Linux5.4; Linux5.4,2.4 GHz; 5 GHz,Yes,Yes,No,No,No,No,No,Yes,No,No,No,No,No,Yes,Yes,No,No,Yes,Yes,Yes,Yes,Yes,Yes,No,No,Yes,No,No,No,Yes,No,No,No,Yes,No,Yes,No,Yes,No,No,Yes
WFA130835,2024-09-24,TP-Link Systems Inc.,Ceiling Mount Wi-Fi 7 Access Point,EAP773,Routers,10G ETH Port*1,,Linux 5.4,2.4 GHz; 5 GHz; 6 GHz,Yes,Yes,Yes,No,No,No,No,Yes,No,No,No,No,No,Yes,Yes,No,No,Yes,Yes,Yes,Yes,Yes,Yes,No,No,No,No,No,No,No,Yes,No,No,Yes,No,No,Yes,Yes,No,Yes,Yes
WFA130812,2024-04-24,TP-Link Systems Inc.,BE22000 Tri-Band Wi-Fi 7 Router,EB810v,Routers,PCIE,,Linux,2.4 GHz; 5 GHz; 6 GHz,Yes,Yes,Yes,No,No,No,No,Yes,No,No,No,No,No,Yes,Yes,No,No,Yes,Yes,Yes,Yes,Yes,Yes,No,No,No,No,No,No,No,No,No,No,Yes,No,No,No,Yes,No,No,Yes
WFA127880,2024-08-05,Intel,Intel® Wi-Fi 7 BE202 (Gig+),BE202,Other,PCIe,,Windows 11,2.4 GHz; 5 GHz; 6 GHz,Yes,Yes,Yes,No,No,No,No,Yes,Yes,No,No,No,No,Yes,Yes,No,No,Yes,Yes,Yes,Yes,Yes,Yes,No,No,No,No,No,No,No,Yes,Yes,No,Yes,No,Yes,Yes,Yes,No,Yes,Yes
WFA130751,2024-04-10,Askey Computer Corporation,5G Wi-Fi Router,ASK-NCM1100,Routers,PCIe,,Linux,2.4 GHz; 5 GHz; 6 GHz,Yes,Yes,Yes,No,No,No,No,Yes,No,No,No,No,No,Yes,Yes,No,No,Yes,Yes,Yes,Yes,Yes,Yes,No,No,No,No,No,No,No,Yes,No,No,Yes,No,No,No,Yes,No,No,Yes
WFA130519,2024-07-23,Askey Computer Corporation,Askey RTM-7000T,RTM-7000T,Routers,PCIe 3.0,,Linux,2.4 GHz; 5 GHz; 6 GHz,Yes,Yes,Yes,No,No,No,No,Yes,No,No,No,No,No,Yes,Yes,No,No,Yes,Yes,Yes,Yes,Yes,Yes,No,No,No,No,No,No,No,Yes,No,No,Yes,No,No,No,Yes,No,No,Yes
WFA129613,2024-03-26,Askey Computer Corporation,Business Wi-Fi Extender,APM7210D-D323,Routers,"RJ45, 2.5GbE x1, 1GbE x1",,Linux,2.4 GHz; 5 GHz,Yes,Yes,No,No,No,No,No,Yes,Yes,No,No,No,No,Yes,Yes,No,No,Yes,Yes,Yes,Yes,Yes,Yes,No,No,Yes,No,No,No,No,No,No,No,Yes,No,Yes,No,Yes,No,No,Yes
WFA130475,2024-03-21,TP-Link Systems Inc.,BE22000 Whole Home Mesh Wi-Fi 7 AP,HB810,Routers,PCIE,,Linux 5.4,2.4 GHz; 5 GHz; 6 GHz,Yes,Yes,Yes,No,No,No,No,Yes,No,No,No,No,No,Yes,Yes,No,No,Yes,Yes,Yes,Yes,Yes,Yes,No,No,No,No,No,No,No,Yes,No,No,Yes,No,No,No,Yes,No,No,Yes
WFA130473,2024-10-02,Hewlett Packard Enterprise,AP-755,755,Routers,Onboard,,Linux,2.4 GHz; 5 GHz; 6 GHz,Yes,Yes,Yes,No,No,No,No,Yes,Yes,No,No,No,No,Yes,Yes,No,No,Yes,Yes,Yes,No,No,Yes,No,No,No,No,No,No,No,No,No,No,Yes,No,No,Yes,Yes,No,Yes,Yes
WFA130454,2024-07-10,Askey Computer Corporation,Smart 5G Hub,HH70C,Routers,PCIe Gen 3,,Linux; Linux,2.4 GHz; 5 GHz; 6 GHz,Yes,Yes,Yes,No,No,No,No,Yes,Yes,No,No,No,No,Yes,Yes,No,No,Yes,Yes,Yes,Yes,Yes,Yes,No,No,Yes,No,No,No,Yes,Yes,No,No,Yes,No,No,No,Yes,No,No,Yes
WFA130441,2024-09-06,Vodafone Group PLC,Ultra Hub 7 Fibre,FG4278VF,Routers,PCIe,,Linux,2.4 GHz; 5 GHz,Yes,Yes,No,No,No,No,No,Yes,Yes,No,No,No,No,Yes,Yes,No,No,Yes,Yes,Yes,Yes,Yes,Yes,No,No,No,No,No,No,No,No,No,No,Yes,No,No,No,Yes,No,No,Yes
WFA130312,2024-03-13,Microsoft,Surface Pro Tablet (WCN785x),Surface Pro Tablet (WCN785x),"Tablets, Ereaders & Cameras",PCIe,,Windows,2.4 GHz; 5 GHz; 6 GHz,Yes,Yes,Yes,No,No,No,No,Yes,Yes,No,No,No,No,Yes,Yes,No,No,Yes,Yes,Yes,Yes,Yes,Yes,No,No,No,No,No,No,No,Yes,No,No,Yes,No,No,Yes,Yes,No,Yes,Yes
WFA130312,2024-03-13,Microsoft,Surface Pro Tablet (WCN785x),Surface Pro Tablet (WCN785x),"Tablets, Ereaders & Cameras",PCIe,,Windows,2.4 GHz; 5 GHz; 6 GHz,Yes,Yes,Yes,No,No,No,No,Yes,Yes,No,No,No,No,Yes,Yes,No,No,Yes,Yes,Yes,Yes,Yes,Yes,No,No,No,No,No,No,No,Yes,No,No,Yes,No,No,Yes,Yes,No,Yes,Yes
WFA130325,2024-03-12,Microsoft,Surface Laptop (WCN785x),"2036,2037",Computers & Accessories,PCIe,,Windows,2.4 GHz; 5 GHz; 6 GHz,Yes,Yes,Yes,No,No,No,No,Yes,Yes,No,No,No,No,Yes,Yes,No,No,Yes,Yes,Yes,Yes,Yes,Yes,No,No,No,No,No,No,No,Yes,No,No,Yes,No,No,Yes,Yes,No,Yes,Yes
WFA130312,2024-03-11,Microsoft,Surface Pro Tablet (WCN785x),Surface Pro Tablet (WCN785x),"Tablets, Ereaders & Cameras",PCIe,,Windows,2.4 GHz; 5 GHz; 6 GHz,Yes,Yes,Yes,No,No,No,No,Yes,Yes,No,No,No,No,Yes,Yes,No,No,Yes,Yes,Yes,Yes,Yes,Yes,No,No,No,No,No,No,No,Yes,No,No,Yes,No,No,Yes,Yes,No,Yes,Yes
WFA130284,2024-05-28,"Huawei Technologies Co., Ltd.",Wireless LAN Access Point,AirEngine6776-56TP,Routers,SPI&HSI,,HongMeng,2.4 GHz; 5 GHz,Yes,Yes,No,No,No,No,No,Yes,No,No,No,No,No,Yes,Yes,No,No,Yes,Yes,Yes,Yes,Yes,Yes,No,No,No,No,No,No,No,No,No,No,Yes,No,No,Yes,Yes,No,Yes,Yes
WFA130218,2024-11-04,"Huawei Technologies Co., Ltd.",Optical Network Terminal,OptiXstar K251-20,Routers,PCIe,,Linux; Linux,2.4 GHz; 5 GHz,Yes,Yes,No,No,No,No,No,Yes,Yes,No,No,No,No,Yes,Yes,No,No,Yes,Yes,Yes,Yes,Yes,Yes,No,No,Yes,No,No,No,Yes,No,No,No,Yes,No,No,No,Yes,No,No,Yes
WFA128235,2024-05-28,Buffalo Inc.,BUFFALO AirStation WXR18000BE10P,WXR18000BE10P,Routers,PCIe,,Linux 5.4.246; Linux 5.4.246,2.4 GHz; 5 GHz; 6 GHz,Yes,Yes,Yes,No,No,No,No,Yes,Yes,No,No,No,No,Yes,Yes,No,No,Yes,Yes,Yes,Yes,Yes,Yes,No,No,Yes,No,No,No,No,Yes,No,No,Yes,No,No,No,Yes,No,No,Yes
WFA126941,2024-03-22,Lumen Technologies,Wi-Fi 7 Router,W1700K,Routers,PCIe,,Linux,2.4 GHz; 5 GHz; 6 GHz,Yes,Yes,Yes,No,No,No,No,Yes,Yes,No,No,No,No,Yes,Yes,No,No,Yes,Yes,Yes,Yes,Yes,Yes,No,No,No,No,No,No,No,Yes,No,No,Yes,No,No,No,Yes,No,No,Yes
WFA127037,2024-03-22,Lumen Technologies,Wi-Fi 7 Router/AP,W1701K,Routers,PCIe,,Linux,2.4 GHz; 5 GHz; 6 GHz,Yes,Yes,Yes,No,No,No,No,Yes,Yes,No,No,No,No,Yes,Yes,No,No,Yes,Yes,Yes,Yes,Yes,Yes,No,No,No,No,No,No,No,Yes,No,No,Yes,No,No,No,Yes,No,No,Yes
WFA130163,2024-10-21,MediaTek Inc.,MediaTek MT6653,MediaTek MT6653,Phones,PCIe; PCIe,,Android 15; Android 15,2.4 GHz; 5 GHz; 6 GHz,Yes,Yes,Yes,No,No,No,Yes,Yes,Yes,No,Yes,Yes,No,Yes,Yes,No,No,Yes,Yes,Yes,Yes,Yes,Yes,No,No,No,No,No,Yes,Yes,Yes,Yes,No,Yes,Yes,Yes,Yes,Yes,Yes,Yes,Yes
WFA130158,2024-06-07,TP-Link Systems Inc.,BE11000 Whole Home Mesh Wi-Fi 7 System,Deco BE65,Routers,PCIE,,Linux,2.4 GHz; 5 GHz; 6 GHz,Yes,Yes,Yes,No,No,No,No,Yes,No,No,No,No,No,Yes,Yes,No,No,Yes,Yes,Yes,Yes,Yes,Yes,No,No,No,No,No,No,No,Yes,No,No,Yes,No,No,No,Yes,No,No,Yes
WFA130155,2024-06-21,"Huawei Technologies Co., Ltd.",Wireless LAN Access Point,AirEngine6776-57T,Routers,SPI&HSI,,HongMeng,2.4 GHz; 5 GHz; 6 GHz,Yes,Yes,Yes,No,No,No,No,Yes,No,No,No,No,No,Yes,Yes,No,No,Yes,Yes,Yes,Yes,Yes,Yes,No,No,No,No,No,No,No,Yes,No,No,Yes,No,No,Yes,Yes,No,Yes,Yes
WFA130057,2024-03-08,Fujitsu Client Computing Limited,M.2 Module / FCZSW11E39889-11be,FCZSW11E39889-11be,Other,PCIe,,Windows 11,2.4 GHz; 5 GHz; 6 GHz,Yes,Yes,Yes,No,No,No,No,Yes,Yes,No,No,No,No,Yes,Yes,No,No,Yes,Yes,Yes,Yes,Yes,Yes,No,No,No,No,No,No,No,Yes,Yes,No,Yes,No,Yes,Yes,Yes,No,Yes,Yes
WFA127411,2024-03-13,Intel,Intel® Wi-Fi 7 BE200,BE200,Computers & Accessories,PCIe,,Linux,2.4 GHz; 5 GHz; 6 GHz,Yes,Yes,Yes,No,No,No,No,Yes,Yes,No,No,No,No,Yes,Yes,No,No,Yes,Yes,Yes,Yes,Yes,Yes,No,No,No,No,No,No,No,Yes,Yes,No,Yes,No,Yes,Yes,Yes,No,Yes,Yes
WFA129996,2024-07-08,ZTE Corporation,XGS-PON ONT,ZXHN F8748Q V2.0,Routers,PCIE,,Linux; Linux,2.4 GHz; 5 GHz; 6 GHz,Yes,Yes,Yes,No,No,No,No,Yes,No,No,No,No,No,Yes,Yes,No,No,Yes,Yes,Yes,Yes,Yes,Yes,No,No,Yes,No,No,No,Yes,Yes,No,No,Yes,No,No,No,Yes,No,No,Yes
WFA129986,2024-07-26,Vodafone Group PLC,Ultra HUB7,DG4278VF,Routers,PCIe,,Linux,2.4 GHz; 5 GHz,Yes,Yes,No,No,No,No,No,Yes,Yes,No,No,No,No,Yes,Yes,No,No,Yes,Yes,Yes,Yes,Yes,Yes,No,No,No,No,No,No,No,No,No,No,Yes,No,No,Yes,Yes,No,Yes,Yes
WFA128762,2024-03-26,Askey Computer Corporation,Business 5G Gateway,NCM1120D2-D323,Routers,PCIe Gen3,,Linux; Linux,2.4 GHz; 5 GHz,Yes,Yes,No,No,No,No,No,Yes,Yes,No,No,No,No,Yes,Yes,No,No,Yes,Yes,Yes,Yes,Yes,Yes,No,No,Yes,No,No,No,No,No,No,No,Yes,No,Yes,No,Yes,No,No,Yes
WFA128809,2024-04-26,H3C,H3C WA7638 WLAN AP with H3C WX Series WLAN Controller,H3C WA7638 WLAN AP with H3C WX Series WLAN Controller,Routers,PCIE,,Comware,2.4 GHz; 5 GHz; 6 GHz,Yes,Yes,Yes,No,No,No,No,Yes,Yes,No,No,No,No,Yes,Yes,No,No,Yes,Yes,Yes,Yes,Yes,Yes,No,No,No,No,No,No,No,Yes,No,No,Yes,No,No,Yes,Yes,No,Yes,Yes
WFA129818,2024-07-19,"Huawei Technologies Co., Ltd.",Optical Network Terminal,OptiXstar HG8145B7N,Routers,PCIe,,Linux; Linux,2.4 GHz; 5 GHz,Yes,Yes,No,No,No,No,No,Yes,No,No,No,No,No,Yes,Yes,No,No,Yes,Yes,Yes,Yes,Yes,Yes,No,No,Yes,No,No,No,Yes,No,No,No,Yes,No,No,Yes,Yes,No,Yes,Yes
WFA129791,2024-02-23,"Beijing Xiaomi Electronics Co., Ltd.",Xiaomi Router 10000,RC01,Routers,"USB, PCIe, Ethernet port",,Linux 5.4.213,2.4 GHz; 5 GHz,Yes,Yes,No,No,No,No,No,Yes,No,No,No,No,No,Yes,Yes,No,No,Yes,Yes,Yes,Yes,Yes,Yes,No,No,No,No,No,No,No,No,No,No,Yes,No,No,No,Yes,No,No,Yes
WFA129748,2024-04-23,TP-Link Systems Inc.,BE19000 Tri-Band Wi-Fi 7 Router,Archer BE805,Routers,PCIE,,Linux 5.4,2.4 GHz; 5 GHz; 6 GHz,Yes,Yes,Yes,No,No,No,No,Yes,No,No,No,No,No,Yes,Yes,No,No,Yes,Yes,Yes,Yes,Yes,Yes,No,No,No,No,No,No,No,Yes,No,No,Yes,No,No,No,Yes,No,No,Yes
WFA128369,2024-04-09,Askey Computer Corporation,5G Wi-Fi Router,ASK-NCM1100E,Routers,PCIe,,Linux,2.4 GHz; 5 GHz; 6 GHz,Yes,Yes,Yes,No,No,No,No,Yes,No,No,No,No,No,Yes,Yes,No,No,Yes,Yes,Yes,Yes,Yes,Yes,No,No,No,No,No,No,No,Yes,No,No,Yes,No,No,No,Yes,No,No,Yes
WFA129491,2024-01-11,Qualcomm,Qualcomm FastConnect 7800 Wi-Fi 7 Network Adapter,NCM835,Computers & Accessories,PCIe,,Windows,2.4 GHz; 5 GHz; 6 GHz,Yes,Yes,Yes,No,No,No,No,Yes,Yes,No,No,No,No,Yes,Yes,No,No,Yes,Yes,Yes,Yes,Yes,Yes,No,No,No,No,No,No,No,Yes,No,No,Yes,No,No,Yes,Yes,No,Yes,Yes
WFA129490,2024-01-11,Qualcomm,Qualcomm FastConnect 7800 Wi-Fi 7 Network Adapter,NCM825,Computers & Accessories,PCIe,,Windows,2.4 GHz; 5 GHz; 6 GHz,Yes,Yes,Yes,No,No,No,No,Yes,Yes,No,No,No,No,Yes,Yes,No,No,Yes,Yes,Yes,Yes,Yes,Yes,No,No,No,No,No,No,No,Yes,No,No,Yes,No,No,Yes,Yes,No,Yes,Yes
WFA129486,2024-01-11,Qualcomm,Qualcomm FastConnect 7800 Wi-Fi 7 Network Adapter,NCM825A,Computers & Accessories,PCIe,,Windows,2.4 GHz; 5 GHz; 6 GHz,Yes,Yes,Yes,No,No,No,No,Yes,Yes,No,No,No,No,Yes,Yes,No,No,Yes,Yes,Yes,Yes,Yes,Yes,No,No,No,No,No,No,No,Yes,No,No,Yes,No,No,Yes,Yes,No,Yes,Yes
WFA129484,2024-01-11,Qualcomm,Qualcomm FastConnect 7800 Wi-Fi 7 High Band Simultaneous Network Adapter,NCM865A,Computers & Accessories,PCIe,,Windows,2.4 GHz; 5 GHz; 6 GHz,Yes,Yes,Yes,No,No,No,No,Yes,Yes,No,No,No,No,Yes,Yes,No,No,Yes,Yes,Yes,Yes,Yes,Yes,No,No,No,No,No,No,No,Yes,No,No,Yes,No,No,Yes,Yes,No,Yes,Yes
WFA127020,2024-02-29,ZTE Corporation,Wireless Router,NH8091,Routers,IPQ9570 SOC; QCN6224/QCN6224:PCI-e,,Linux5.4; Linux5.4,2.4 GHz; 5 GHz,Yes,Yes,No,No,No,No,No,Yes,No,No,No,No,No,Yes,Yes,No,No,Yes,Yes,Yes,Yes,Yes,Yes,No,No,Yes,No,No,No,Yes,No,No,No,Yes,No,Yes,No,Yes,No,No,Yes
WFA124510,2024-04-25,"Huawei Technologies Co., Ltd.",Wireless LAN Access Point,AirEngine8771-X1T,Routers,PCIe,,Linux,2.4 GHz; 5 GHz; 6 GHz,Yes,Yes,Yes,No,No,No,No,Yes,Yes,No,No,No,No,Yes,Yes,No,No,Yes,Yes,Yes,Yes,Yes,Yes,No,No,No,No,No,No,No,Yes,No,No,Yes,No,No,Yes,Yes,No,Yes,Yes
WFA127411,2024-01-05,Intel,Intel® Wi-Fi 7 BE200,BE200,Computers & Accessories,PCIe,,Linux,2.4 GHz; 5 GHz; 6 GHz,Yes,Yes,Yes,No,No,No,No,Yes,Yes,No,No,No,No,Yes,Yes,No,No,Yes,Yes,Yes,Yes,Yes,Yes,No,No,No,No,No,No,No,Yes,Yes,No,Yes,No,Yes,Yes,Yes,No,Yes,Yes
WFA127411,2024-01-05,Intel,Intel® Wi-Fi 7 BE200,BE200,Computers & Accessories,PCIe,,Windows 11,2.4 GHz; 5 GHz; 6 GHz,Yes,Yes,Yes,No,No,No,No,Yes,Yes,No,No,No,No,Yes,Yes,No,No,Yes,Yes,Yes,Yes,Yes,Yes,No,No,No,No,No,No,No,Yes,Yes,No,Yes,No,Yes,Yes,Yes,No,Yes,Yes
WFA126676,2024-01-05,MaxLinear Inc.,Maxlinear Wi-Fi 7 Triband Access Point,ZURX851-HDK-2,Routers,PCIe4.0,,Linux Kernel 5.15,2.4 GHz; 5 GHz; 6 GHz,Yes,Yes,Yes,No,No,No,No,Yes,Yes,No,No,No,No,Yes,Yes,No,No,Yes,Yes,Yes,Yes,Yes,Yes,No,No,No,No,No,No,No,Yes,No,No,Yes,No,No,Yes,Yes,No,Yes,Yes
WFA127733,2024-01-05,"Ruckus Wireless, Inc.",W870 Wi-Fi 7 Testbed AP,W870,Routers,UART,,Linux,2.4 GHz; 5 GHz; 6 GHz,Yes,Yes,Yes,No,No,No,No,Yes,Yes,No,No,No,No,Yes,Yes,No,No,Yes,Yes,Yes,Yes,Yes,Yes,No,No,No,No,No,No,No,Yes,No,No,Yes,No,No,Yes,Yes,No,Yes,Yes
WFA127760,2024-01-05,Broadcom Corporation,BCM94916R6726W7,BCM94916R6726W7,Routers,PCIe,,Linux,2.4 GHz; 5 GHz; 6 GHz,Yes,Yes,Yes,No,No,No,No,Yes,Yes,No,No,No,No,Yes,Yes,No,No,Yes,Yes,Yes,Yes,Yes,Yes,No,No,No,No,No,No,No,No,No,No,Yes,No,No,Yes,Yes,No,Yes,Yes
WFA127787,2024-01-05,Broadcom Corporation,BCM4398,BCM4398,Other,PCIE,,Linux,2.4 GHz; 5 GHz; 6 GHz,Yes,Yes,Yes,No,No,No,No,Yes,Yes,No,No,No,No,Yes,Yes,No,No,Yes,Yes,Yes,Yes,Yes,Yes,No,No,No,No,No,No,No,Yes,Yes,No,Yes,No,No,Yes,Yes,No,Yes,Yes
WFA126692,2024-01-05,MediaTek Inc.,MediaTek Filogic-880-STA - MT7990,MediaTek Filogic-880-STA - MT7990,Other,PCIe,,Linux,2.4 GHz; 5 GHz; 6 GHz,Yes,Yes,Yes,No,No,No,No,Yes,No,No,No,No,No,Yes,Yes,No,No,Yes,Yes,Yes,Yes,Yes,Yes,No,No,No,No,No,No,No,Yes,No,No,Yes,No,No,Yes,Yes,No,Yes,Yes
WFA122279,2024-01-05,MediaTek Inc.,MediaTek Filogic-880-AP - MT7990,MediaTek Filogic-880-AP - MT7990,Other,PCIe,,Linux; Linux,2.4 GHz; 5 GHz; 6 GHz,Yes,Yes,Yes,No,No,No,Yes,Yes,Yes,No,No,No,No,Yes,Yes,No,No,Yes,Yes,Yes,Yes,Yes,Yes,No,No,Yes,No,No,No,Yes,Yes,Yes,No,Yes,No,Yes,Yes,Yes,No,Yes,Yes
WFA127693,2024-01-05,Qualcomm,Qualcomm FastConnect 7800 Mobile Connectivity system,WCN7850,Computers & Accessories,PCIe,,Ubuntu 20.04 Kernel 5.15.24+,2.4 GHz; 5 GHz; 6 GHz,Yes,Yes,Yes,No,No,No,No,Yes,Yes,No,No,No,No,Yes,Yes,No,No,Yes,Yes,Yes,Yes,Yes,Yes,No,No,No,No,No,No,No,Yes,No,No,Yes,No,No,Yes,Yes,No,Yes,Yes
WFA127489,2024-01-05,Qualcomm,Qualcomm FastConnect 7800 Mobile Connectivity system,NCM865,Computers & Accessories,PCIe,,Windows,2.4 GHz; 5 GHz; 6 GHz,Yes,Yes,Yes,No,No,No,No,Yes,Yes,No,No,No,No,Yes,Yes,No,No,Yes,Yes,Yes,Yes,Yes,Yes,No,No,No,No,No,No,No,Yes,No,No,Yes,No,No,Yes,Yes,No,Yes,Yes
WFA128184,2024-01-05,Qualcomm,Qualcomm Networking Pro Tri-Band Wi-Fi 7 Platform,IPQ9574,Other,UART,,Linux,2.4 GHz; 5 GHz; 6 GHz,Yes,Yes,Yes,No,No,No,No,Yes,Yes,No,No,No,No,Yes,Yes,No,No,Yes,Yes,Yes,Yes,Yes,Yes,No,No,No,No,No,No,No,Yes,No,No,Yes,No,No,Yes,Yes,No,Yes,Yes
WFA128185,2024-01-05,Qualcomm,Qualcomm Networking Pro Quad-Band Wi-Fi 7 Platform,IPQ9574-2,Other,UART,,Linux,2.4 GHz; 5 GHz; 6 GHz,Yes,Yes,Yes,No,No,No,No,Yes,Yes,No,No,No,No,Yes,Yes,No,No,Yes,Yes,Yes,Yes,Yes,Yes,No,No,No,No,No,No,No,Yes,No,No,Yes,No,No,Yes,Yes,No,Yes,Yes
WFA126057,2023-12-29,MediaTek Inc.,MediaTek Filogic 360 - MT7925,MediaTek Filogic 360 - MT7925,Other,NGFF,,Windows,2.4 GHz; 5 GHz; 6 GHz,Yes,Yes,Yes,No,No,No,No,Yes,Yes,No,No,No,No,Yes,Yes,No,No,Yes,Yes,Yes,Yes,Yes,Yes,No,No,No,No,No,No,Yes,Yes,No,No,Yes,No,Yes,Yes,Yes,Yes,Yes,Yes
WFA127037,2023-12-29,Lumen Technologies,Wi-Fi 7 Router/AP,W1701K,Routers,PCIe,,Linux,2.4 GHz; 5 GHz; 6 GHz,Yes,Yes,Yes,No,No,No,No,Yes,No,No,No,No,No,Yes,Yes,No,No,Yes,Yes,Yes,Yes,Yes,Yes,No,No,No,No,No,No,No,Yes,No,No,Yes,No,No,No,Yes,No,No,Yes
WFA126057,2023-12-28,MediaTek Inc.,MediaTek Filogic 360 - MT7925,MediaTek Filogic 360 - MT7925,Other,NGFF,,Windows,2.4 GHz; 5 GHz; 6 GHz,Yes,Yes,Yes,No,No,No,No,Yes,Yes,No,No,No,No,Yes,Yes,No,No,Yes,Yes,Yes,Yes,Yes,Yes,No,No,No,No,No,No,Yes,Yes,No,No,Yes,No,Yes,Yes,Yes,Yes,Yes,Yes
WFA129344,2024-05-02,"Nokia Shanghai Bell Co., Ltd.",Nokia WiFi Beacon 24,Beacon 24,Routers,PCIe,,Linux,2.4 GHz; 5 GHz; 6 GHz,Yes,Yes,Yes,No,No,No,No,Yes,No,No,No,No,No,Yes,Yes,No,No,Yes,Yes,Yes,Yes,Yes,Yes,No,No,No,No,No,No,Yes,Yes,No,No,Yes,No,No,Yes,Yes,No,Yes,Yes
WFA128339,2024-03-26,"Nubia Technology Co., Ltd.",5G Multi-Mode Digital Mobile Phone,NX721J,Phones,PCIe,,Android 14,2.4 GHz; 5 GHz,Yes,Yes,No,No,No,No,No,Yes,No,No,No,No,No,Yes,Yes,No,No,Yes,Yes,Yes,Yes,Yes,Yes,No,No,No,No,No,No,No,No,No,No,Yes,No,No,No,Yes,No,No,Yes
WFA128157,2023-12-28,Samsung Electronics,TV/Monitor/AV,MT7925 Module,Televisions & Set Top Boxes,USB,,Linux 5.4,2.4 GHz; 5 GHz; 6 GHz,Yes,Yes,Yes,No,No,No,No,Yes,No,No,No,No,No,Yes,Yes,No,No,Yes,Yes,Yes,Yes,Yes,Yes,No,No,No,No,No,No,Yes,Yes,No,No,Yes,No,No,Yes,Yes,Yes,Yes,Yes
WFA128856,2024-01-12,Sagemcom Broadband SAS,F@st5698E,F@st5698E,Routers,PCIE,,Linux,2.4 GHz; 5 GHz; 6 GHz,Yes,Yes,Yes,No,No,No,No,Yes,No,No,No,No,No,Yes,Yes,No,No,Yes,Yes,Yes,Yes,Yes,Yes,No,No,No,No,No,No,No,Yes,No,No,Yes,No,No,No,Yes,No,No,Yes
WFA126941,2023-12-25,Lumen Technologies,Wi-Fi 7 Router,W1700K,Routers,PCIe,,Linux,2.4 GHz; 5 GHz; 6 GHz,Yes,Yes,Yes,No,No,No,No,Yes,No,No,No,No,No,Yes,Yes,No,No,Yes,Yes,Yes,Yes,Yes,Yes,No,No,No,No,No,No,No,Yes,No,No,Yes,No,No,No,Yes,No,No,Yes
WFA129313,2024-05-23,Realtek Semiconductor Corporation,RTL8922AE 802.11be and Bluetooth combo module,RTL8922,Computers & Accessories,PCIE,,Windows,2.4 GHz; 5 GHz; 6 GHz,Yes,Yes,Yes,No,No,No,No,Yes,Yes,No,No,No,No,Yes,Yes,No,No,Yes,Yes,Yes,Yes,Yes,Yes,No,No,No,No,No,No,No,Yes,No,No,Yes,No,No,Yes,Yes,No,Yes,Yes
WFA129269,2024-05-08,"Google, Inc.","G2YBB, GUR25, G1B60","G2YBB, GUR25, G1B60",Phones,PCIe; PCIe,,Android; Android,2.4 GHz; 5 GHz; 6 GHz,Yes,Yes,Yes,No,No,No,No,Yes,Yes,No,No,Yes,Yes,Yes,Yes,No,No,Yes,Yes,Yes,Yes,Yes,Yes,No,No,No,No,No,No,No,Yes,No,No,Yes,Yes,Yes,Yes,Yes,Yes,Yes,Yes
WFA127969,2023-12-29,Samsung Electronics,SM-S928U,SM-S928U,Phones,PCIe; PCIe,,Android 14.0; Android 14.0,2.4 GHz; 5 GHz; 6 GHz,Yes,Yes,Yes,No,No,No,No,Yes,Yes,No,No,Yes,Yes,Yes,Yes,No,No,Yes,Yes,Yes,Yes,Yes,Yes,No,No,No,No,No,Yes,No,Yes,Yes,No,Yes,Yes,Yes,Yes,Yes,Yes,Yes,Yes
WFA128978,2023-12-25,TP-Link Systems Inc.,BE19000 Tri-Band Wi-Fi 7 Router,Archer BE800,Routers,PCIE,,Linux,2.4 GHz; 5 GHz; 6 GHz,Yes,Yes,Yes,No,No,No,No,Yes,No,No,No,No,No,Yes,Yes,No,No,Yes,Yes,Yes,Yes,Yes,Yes,No,No,No,No,No,No,No,No,No,No,Yes,No,No,No,Yes,No,No,Yes
WFA128780,2023-12-26,TP-Link Systems Inc.,BE22000 Whole Home Mesh Wi-Fi 7 System,Deco BE85,Routers,PCIE,,Linux 5.4,2.4 GHz; 5 GHz; 6 GHz,Yes,Yes,Yes,No,No,No,No,Yes,No,No,No,No,No,Yes,Yes,No,No,Yes,Yes,Yes,Yes,Yes,Yes,No,No,No,No,No,No,No,Yes,No,No,Yes,No,No,No,Yes,No,No,Yes
WFA128691,2024-07-18,Buffalo Inc.,BUFFALO AirStation WXR9300BE6P,WXR9300BE6P,Routers,PCIe2-1L; PCIe3-2L+1L,,Linux; Linux; Linux,2.4 GHz; 5 GHz; 6 GHz,Yes,Yes,Yes,No,No,No,No,Yes,Yes,No,No,No,No,Yes,Yes,No,No,Yes,Yes,Yes,Yes,Yes,Yes,No,No,Yes,No,No,No,No,No,No,No,Yes,No,No,No,Yes,No,No,Yes
WFA128463,2024-01-15,Zyxel Communications Corporation,Tri-Band Wireless BE19000 10G Ethernet IAD with SFP+,EE6601-00,Routers,PCIe,,Linux version 4.19.275,2.4 GHz; 5 GHz; 6 GHz,Yes,Yes,Yes,No,No,No,No,Yes,Yes,No,No,No,No,Yes,Yes,No,No,Yes,Yes,Yes,Yes,Yes,Yes,No,No,No,No,No,No,No,No,No,No,Yes,No,No,No,Yes,No,No,Yes
WFA128235,2023-12-28,Buffalo Inc.,BUFFALO AirStation WXR18000BE10P,WXR18000BE10P,Routers,PCIe,,Linux 5.4.246; Linux 5.4.246,2.4 GHz; 5 GHz; 6 GHz,Yes,Yes,Yes,No,No,No,No,Yes,Yes,No,No,No,No,Yes,Yes,No,No,Yes,Yes,Yes,Yes,Yes,Yes,No,No,Yes,No,No,No,No,Yes,No,No,Yes,No,No,No,Yes,No,No,Yes
WFA120654,2024-01-05,MediaTek Inc.,MediaTek MT6639,MediaTek Dimensity 9200/9300,Phones,AXI; AXI,,Android 14; Android 14,2.4 GHz; 5 GHz; 6 GHz,Yes,Yes,Yes,No,No,No,Yes,Yes,Yes,No,Yes,Yes,Yes,Yes,Yes,No,No,Yes,Yes,Yes,Yes,Yes,Yes,No,Yes,No,No,No,Yes,Yes,Yes,Yes,No,Yes,Yes,Yes,Yes,Yes,Yes,Yes,Yes
